{
	"textures": {
		"3": "expansion:vehicles/mech_torso/sword"
	},
	"elements": [
		{
			"from": [
				7.7184735762426735,
				7.057930005023683,
				13.306900713137711
			],
			"to": [
				8.281526423757327,
				8.18403570005299,
				17.43595492824517
			],
			"rotation": {
				"angle": 0,
				"axis": "y",
				"origin": [
					7.624631434990231,
					8.934772830072527,
					15.183743538186556
				]
			},
			"faces": {
				"north": {
					"uv": [
						4.875,
						5.5,
						5.0625,
						5.125
					],
					"rotation": 180,
					"texture": "#3"
				},
				"east": {
					"uv": [
						1.5,
						3.625,
						2.875,
						3.25
					],
					"rotation": 180,
					"texture": "#3"
				},
				"south": {
					"uv": [
						1.75,
						5.625,
						1.9375,
						5.25
					],
					"rotation": 180,
					"texture": "#3"
				},
				"west": {
					"uv": [
						0,
						3.625,
						1.375,
						3.25
					],
					"rotation": 180,
					"texture": "#3"
				},
				"up": {
					"uv": [
						1.9375,
						3.75,
						1.75,
						5.125
					],
					"rotation": 180,
					"texture": "#3"
				},
				"down": {
					"uv": [
						2.3125,
						5.125,
						2.125,
						3.75
					],
					"rotation": 180,
					"texture": "#3"
				}
			}
		},
		{
			"from": [
				7.624631434990231,
				7.433298570033451,
				8.051740803000946
			],
			"to": [
				8.375368565009769,
				8.559404265062758,
				12.931532148127943
			],
			"rotation": {
				"angle": 0,
				"axis": "y",
				"origin": [
					7.624631434990231,
					8.934772830072527,
					15.183743538186556
				]
			},
			"faces": {
				"north": {
					"uv": [
						4.125,
						2.625,
						4.375,
						2.25
					],
					"rotation": 180,
					"texture": "#3"
				},
				"east": {
					"uv": [
						1.75,
						3.125,
						3.375,
						2.75
					],
					"rotation": 180,
					"texture": "#3"
				},
				"south": {
					"uv": [
						4.5,
						2.625,
						4.75,
						2.25
					],
					"rotation": 180,
					"texture": "#3"
				},
				"west": {
					"uv": [
						0,
						3.125,
						1.625,
						2.75
					],
					"rotation": 180,
					"texture": "#3"
				},
				"up": {
					"uv": [
						1.25,
						3.75,
						1,
						5.375
					],
					"rotation": 180,
					"texture": "#3"
				},
				"down": {
					"uv": [
						1.625,
						5.375,
						1.375,
						3.75
					],
					"rotation": 180,
					"texture": "#3"
				}
			}
		},
		{
			"from": [
				7.628385120640329,
				10.851629944151414,
				6.445564989123696
			],
			"to": [
				8.37161487935967,
				11.226998509161183,
				7.515365399401538
			],
			"rotation": {
				"angle": 45,
				"axis": "x",
				"origin": [
					8,
					8.494998526678382,
					3.65725972188943
				]
			},
			"faces": {
				"north": {
					"uv": [
						5.5,
						2.125,
						5.75,
						2
					],
					"rotation": 180,
					"texture": "#3"
				},
				"east": {
					"uv": [
						5.375,
						3.875,
						5.75,
						3.75
					],
					"rotation": 180,
					"texture": "#3"
				},
				"south": {
					"uv": [
						5.625,
						4.125,
						5.875,
						4
					],
					"rotation": 180,
					"texture": "#3"
				},
				"west": {
					"uv": [
						5.375,
						2.375,
						5.75,
						2.25
					],
					"rotation": 180,
					"texture": "#3"
				},
				"up": {
					"uv": [
						4.875,
						3.25,
						4.625,
						3.625
					],
					"rotation": 180,
					"texture": "#3"
				},
				"down": {
					"uv": [
						4,
						5,
						3.75,
						4.625
					],
					"rotation": 180,
					"texture": "#3"
				}
			}
		},
		{
			"from": [
				7.624631434990231,
				8.18403570005299,
				7.301003672981408
			],
			"to": [
				8.375368565009769,
				8.559404265062758,
				8.051740803000946
			],
			"rotation": {
				"angle": 0,
				"axis": "y",
				"origin": [
					8,
					8.747088547567643,
					2.9842651753690657
				]
			},
			"faces": {
				"north": {
					"uv": [
						4.125,
						5.75,
						4.375,
						5.625
					],
					"rotation": 180,
					"texture": "#3"
				},
				"east": {
					"uv": [
						5.625,
						4.625,
						5.875,
						4.5
					],
					"rotation": 180,
					"texture": "#3"
				},
				"south": {
					"uv": [
						4.5,
						5.75,
						4.75,
						5.625
					],
					"rotation": 180,
					"texture": "#3"
				},
				"west": {
					"uv": [
						5.625,
						4.375,
						5.875,
						4.25
					],
					"rotation": 180,
					"texture": "#3"
				},
				"up": {
					"uv": [
						4,
						2.375,
						3.75,
						2.625
					],
					"rotation": 180,
					"texture": "#3"
				},
				"down": {
					"uv": [
						2.375,
						5.5,
						2.125,
						5.25
					],
					"rotation": 180,
					"texture": "#3"
				}
			}
		},
		{
			"from": [
				7.624631434990231,
				7.902509276295662,
				7.77021437924362
			],
			"to": [
				8.375368565009769,
				8.18403570005299,
				8.051740803000946
			],
			"rotation": {
				"angle": 0,
				"axis": "y",
				"origin": [
					8,
					8.747088547567643,
					2.9842651753690657
				]
			},
			"faces": {
				"north": {
					"uv": [
						5.625,
						4.875,
						5.875,
						4.75
					],
					"rotation": 180,
					"texture": "#3"
				},
				"east": {
					"uv": [
						1.5,
						6,
						1.625,
						5.875
					],
					"rotation": 180,
					"texture": "#3"
				},
				"south": {
					"uv": [
						4.875,
						5.75,
						5.125,
						5.625
					],
					"rotation": 180,
					"texture": "#3"
				},
				"west": {
					"uv": [
						5.75,
						3.625,
						5.875,
						3.5
					],
					"rotation": 180,
					"texture": "#3"
				},
				"up": {
					"uv": [
						5.875,
						5,
						5.625,
						5.125
					],
					"rotation": 180,
					"texture": "#3"
				},
				"down": {
					"uv": [
						5.5,
						5.75,
						5.25,
						5.625
					],
					"rotation": 180,
					"texture": "#3"
				}
			}
		},
		{
			"from": [
				7.812315717495116,
				7.057930005023683,
				2.045843762844643
			],
			"to": [
				8.187684282504884,
				8.371719982557874,
				12.931532148127943
			],
			"rotation": {
				"angle": 0,
				"axis": "y",
				"origin": [
					7.624631434990231,
					8.934772830072527,
					15.183743538186556
				]
			},
			"faces": {
				"north": {
					"uv": [
						3.5,
						5.6875,
						3.625,
						5.25
					],
					"rotation": 180,
					"texture": "#3"
				},
				"east": {
					"uv": [
						0,
						2.5625,
						3.625,
						2.125
					],
					"rotation": 180,
					"texture": "#3"
				},
				"south": {
					"uv": [
						2.5,
						5.8125,
						2.625,
						5.375
					],
					"rotation": 180,
					"texture": "#3"
				},
				"west": {
					"uv": [
						0,
						1.9375,
						3.625,
						1.5
					],
					"rotation": 180,
					"texture": "#3"
				},
				"up": {
					"uv": [
						0.125,
						3.75,
						0,
						7.375
					],
					"rotation": 180,
					"texture": "#3"
				},
				"down": {
					"uv": [
						0.375,
						7.375,
						0.25,
						3.75
					],
					"rotation": 180,
					"texture": "#3"
				}
			}
		},
		{
			"from": [
				7.812315717495116,
				7.433298570033451,
				-2.458579017272582
			],
			"to": [
				8.187684282504884,
				8.371719982557874,
				2.045843762844643
			],
			"rotation": {
				"angle": 0,
				"axis": "y",
				"origin": [
					7.624631434990231,
					8.934772830072527,
					15.183743538186556
				]
			},
			"faces": {
				"north": {
					"uv": [
						2.75,
						5.6875,
						2.875,
						5.375
					],
					"rotation": 180,
					"texture": "#3"
				},
				"east": {
					"uv": [
						3.5,
						3.0625,
						5,
						2.75
					],
					"rotation": 180,
					"texture": "#3"
				},
				"south": {
					"uv": [
						5.5,
						1.8125,
						5.625,
						1.5
					],
					"rotation": 180,
					"texture": "#3"
				},
				"west": {
					"uv": [
						3,
						3.5625,
						4.5,
						3.25
					],
					"rotation": 180,
					"texture": "#3"
				},
				"up": {
					"uv": [
						2.625,
						3.75,
						2.5,
						5.25
					],
					"rotation": 180,
					"texture": "#3"
				},
				"down": {
					"uv": [
						2.875,
						5.25,
						2.75,
						3.75
					],