{
	"textures": {
		"3": "animated_java:item/mech_torso/sword"
	},
	"display": {
		"head": {
			"rotation": [0, 180, 0]
		}
	},
	"elements": [
		{
			"from": [7.71847, 7.05793, 13.3069],
			"to": [8.28153, 8.18404, 17.43595],
			"rotation": {
				"angle": 0,
				"axis": "y",
				"origin": [7.62463, 8.93477, 15.18374]
			},
			"faces": {
				"north": {
					"uv": [4.875, 5.5, 5.0625, 5.125],
					"rotation": 180,
					"texture": "#3"
				},
				"east": {
					"uv": [1.5, 3.625, 2.875, 3.25],
					"rotation": 180,
					"texture": "#3"
				},
				"south": {
					"uv": [1.75, 5.625, 1.9375, 5.25],
					"rotation": 180,
					"texture": "#3"
				},
				"west": {
					"uv": [0, 3.625, 1.375, 3.25],
					"rotation": 180,
					"texture": "#3"
				},
				"up": {
					"uv": [1.9375, 3.75, 1.75, 5.125],
					"rotation": 180,
					"texture": "#3"
				},
				"down": {
					"uv": [2.3125, 5.125, 2.125, 3.75],
					"rotation": 180,
					"texture": "#3"
				}
			}
		},
		{
			"from": [7.62463, 7.4333, 8.05174],
			"to": [8.37537, 8.5594, 12.93153],
			"rotation": {
				"angle": 0,
				"axis": "y",
				"origin": [7.62463, 8.93477, 15.18374]
			},
			"faces": {
				"north": {
					"uv": [4.125, 2.625, 4.375, 2.25],
					"rotation": 180,
					"texture": "#3"
				},
				"east": {
					"uv": [1.75, 3.125, 3.375, 2.75],
					"rotation": 180,
					"texture": "#3"
				},
				"south": {
					"uv": [4.5, 2.625, 4.75, 2.25],
					"rotation": 180,
					"texture": "#3"
				},
				"west": {
					"uv": [0, 3.125, 1.625, 2.75],
					"rotation": 180,
					"texture": "#3"
				},
				"up": {
					"uv": [1.25, 3.75, 1, 5.375],
					"rotation": 180,
					"texture": "#3"
				},
				"down": {
					"uv": [1.625, 5.375, 1.375, 3.75],
					"rotation": 180,
					"texture": "#3"
				}
			}
		},
		{
			"from": [7.62839, 10.85163, 6.44556],
			"to": [8.37161, 11.227, 7.51537],
			"rotation": {
				"angle": 45,
				"axis": "x",
				"origin": [8, 8.495, 3.65726]
			},
			"faces": {
				"north": {
					"uv": [5.5, 2.125, 5.75, 2],
					"rotation": 180,
					"texture": "#3"
				},
				"east": {
					"uv": [5.375, 3.875, 5.75, 3.75],
					"rotation": 180,
					"texture": "#3"
				},
				"south": {
					"uv": [5.625, 4.125, 5.875, 4],
					"rotation": 180,
					"texture": "#3"
				},
				"west": {
					"uv": [5.375, 2.375, 5.75, 2.25],
					"rotation": 180,
					"texture": "#3"
				},
				"up": {
					"uv": [4.875, 3.25, 4.625, 3.625],
					"rotation": 180,
					"texture": "#3"
				},
				"down": {
					"uv": [4, 5, 3.75, 4.625],
					"rotation": 180,
					"texture": "#3"
				}
			}
		},
		{
			"from": [7.62463, 8.18404, 7.301],
			"to": [8.37537, 8.5594, 8.05174],
			"rotation": {
				"angle": 0,
				"axis": "y",
				"origin": [8, 8.74709, 2.98427]
			},
			"faces": {
				"north": {
					"uv": [4.125, 5.75, 4.375, 5.625],
					"rotation": 180,
					"texture": "#3"
				},
				"east": {
					"uv": [5.625, 4.625, 5.875, 4.5],
					"rotation": 180,
					"texture": "#3"
				},
				"south": {
					"uv": [4.5, 5.75, 4.75, 5.625],
					"rotation": 180,
					"texture": "#3"
				},
				"west": {
					"uv": [5.625, 4.375, 5.875, 4.25],
					"rotation": 180,
					"texture": "#3"
				},
				"up": {
					"uv": [4, 2.375, 3.75, 2.625],
					"rotation": 180,
					"texture": "#3"
				},
				"down": {
					"uv": [2.375, 5.5, 2.125, 5.25],
					"rotation": 180,
					"texture": "#3"
				}
			}
		},
		{
			"from": [7.62463, 7.90251, 7.77021],
			"to": [8.37537, 8.18404, 8.05174],
			"rotation": {
				"angle": 0,
				"axis": "y",
				"origin": [8, 8.74709, 2.98427]
			},
			"faces": {
				"north": {
					"uv": [5.625, 4.875, 5.875, 4.75],
					"rotation": 180,
					"texture": "#3"
				},
				"east": {
					"uv": [1.5, 6, 1.625, 5.875],
					"rotation": 180,
					"texture": "#3"
				},
				"south": {
					"uv": [4.875, 5.75, 5.125, 5.625],
					"rotation": 180,
					"texture": "#3"
				},
				"west": {
					"uv": [5.75, 3.625, 5.875, 3.5],
					"rotation": 180,
					"texture": "#3"
				},
				"up": {
					"uv": [5.875, 5, 5.625, 5.125],
					"rotation": 180,
					"texture": "#3"
				},
				"down": {
					"uv": [5.5, 5.75, 5.25, 5.625],
					"rotation": 180,
					"texture": "#3"
				}
			}
		},
		{
			"from": [7.81232, 7.05793, 2.04584],
			"to": [8.18768, 8.37172, 12.93153],
			"rotation": {
				"angle": 0,
				"axis": "y",
				"origin": [7.62463, 8.93477, 15.18374]
			},
			"faces": {
				"north": {
					"uv": [3.5, 5.6875, 3.625, 5.25],
					"rotation": 180,
					"texture": "#3"
				},
				"east": {
					"uv": [0, 2.5625, 3.625, 2.125],
					"rotation": 180,
					"texture": "#3"
				},
				"south": {
					"uv": [2.5, 5.8125, 2.625, 5.375],
					"rotation": 180,
					"texture": "#3"
				},
				"west": {
					"uv": [0, 1.9375, 3.625, 1.5],
					"rotation": 180,
					"texture": "#3"
				},
				"up": {
					"uv": [0.125, 3.75, 0, 7.375],
					"rotation": 180,
					"texture": "#3"
				},
				"down": {
					"uv": [0.375, 7.375, 0.25, 3.75],
					"rotation": 180,
					"texture": "#3"
				}
			}
		},
		{
			"from": [7.81232, 7.4333, -2.45858],
			"to": [8.18768, 8.37172, 2.04584],
			"rotation": {
				"angle": 0,
				"axis": "y",
				"origin": [7.62463, 8.93477, 15.18374]
			},
			"faces": {
				"north": {
					"uv": [2.75, 5.6875, 2.875, 5.375],
					"rotation": 180,
					"texture": "#3"
				},
				"east": {
					"uv": [3.5, 3.0625, 5, 2.75],
					"rotation": 180,
					"texture": "#3"
				},
				"south": {
					"uv": [5.5, 1.8125, 5.625, 1.5],
					"rotation": 180,
					"texture": "#3"
				},
				"west": {
					"uv": [3, 3.5625, 4.5, 3.25],
					"rotation": 180,
					"texture": "#3"
				},
				"up": {
					"uv": [2.625, 3.75, 2.5, 5.25],
					"rotation": 180,
					"texture": "#3"
				},
				"down": {
					"uv": [2.875, 5.25, 2.75, 3.75],
					"rotation": 180,
					"texture": "#3"
				}
			}
		},
		{
			"from": [7.81232, 7.99635, -3.02163],
			"to": [8.18768, 8.37172, -2.45858],
			"rotation": {
				"angle": 0,
				"axis": "y",
				"origin": [7.62463, 8.93477, 15.18374]
			},
			"faces": {
				"north": {
					"uv": [5.875, 2, 6, 1.875],
					"rotation": 180,
					"texture": "#3"
				},
				"east": {
					"uv": [5.75, 3.375, 5.9375, 3.25],
					"rotation": 180,
					"texture": "#3"
				},
				"south": {
					"uv": [5.875, 2.25, 6, 2.125],
					"rotation": 180,
					"texture": "#3"
				},
				"west": {
					"uv": [5.75, 3.125, 5.9375, 3],
					"rotation": 180,
					"texture": "#3"
				},
				"up": {
					"uv": [3.875, 5.75, 3.75, 5.9375],
					"rotation": 180,
					"texture": "#3"
				},
				"down": {
					"uv": [5.75, 5.9375, 5.625, 5.75],
					"rotation": 180,
					"texture": "#3"
				}
			}
		},
		{
			"from": [7.81607, 7.90918, -2.91302],
			"to": [8.18393, 8.32208, -2.10598],
			"rotation": {
				"angle": 45,
				"axis": "x",
				"origin": [8, 8.09686, -2.85672]
			},
			"faces": {
				"north": {
					"uv": [2.75, 6, 2.875, 5.875],
					"rotation": 180,
					"texture": "#3"
				},
				"east": {
					"uv": [5.625, 5.625, 5.875, 5.5],
					"rotation": 180,
					"texture": "#3"
				},
				"south": {
					"uv": [3, 6, 3.125, 5.875],
					"rotation": 180,
					"texture": "#3"
				},
				"west": {
					"uv": [5.625, 5.375, 5.875, 5.25],
					"rotation": 180,
					"texture": "#3"
				},
				"up": {
					"uv": [5.875, 1.5, 5.75, 1.75],
					"rotation": 180,
					"texture": "#3"
				},
				"down": {
					"uv": [1.875, 6, 1.75, 5.75],
					"rotation": 180,
					"texture": "#3"
				}
			}
		},
		{
			"from": [7.81607, 7.97021, 0.83783],
			"to": [8.18393, 8.53326, 2.33931],
			"rotation": {
				"angle": 22.5,
				"axis": "x",
				"origin": [8, 8.25173, -0.10059]
			},
			"faces": {
				"north": {
					"uv": [1, 6.0625, 1.125, 5.875],
					"rotation": 180,
					"texture": "#3"
				},
				"east": {
					"uv": [4.875, 2.0625, 5.375, 1.875],
					"rotation": 180,
					"texture": "#3"
				},
				"south": {
					"uv": [1.25, 6.0625, 1.375, 5.875],
					"rotation": 180,
					"texture": "#3"
				},